district,state,primary_language,query_name,starter_query_en
Anantapur,Andhra Pradesh,te,Anantapur,"""Anantapur"" road accident"
Chittoor,Andhra Pradesh,te,Chittoor,"""Chittoor"" road accident"
East Godavari,Andhra Pradesh,te,East Godavari,"""East Godavari"" road accident"
Guntur,Andhra Pradesh,te,Guntur,"""Guntur"" road accident"
Krishna,Andhra Pradesh,te,Krishna,"""Krishna"" road accident"
Kurnool,Andhra Pradesh,te,Kurnool,"""Kurnool"" road accident"
Nellore,Andhra Pradesh,te,Nellore,"""Nellore"" road accident"
Prakasam,Andhra Pradesh,te,Prakasam,"""Prakasam"" road accident"
Srikakulam,Andhra Pradesh,te,Srikakulam,"""Srikakulam"" road accident"
Visakhapatnam,Andhra Pradesh,te,Visakhapatnam,"""Visakhapatnam"" road accident"
Vizianagaram,Andhra Pradesh,te,Vizianagaram,"""Vizianagaram"" road accident"
West Godavari,Andhra Pradesh,te,West Godavari,"""West Godavari"" road accident"
YSR Kadapa,Andhra Pradesh,te,YSR Kadapa,"""YSR Kadapa"" road accident"
Tawang,Arunachal Pradesh,en,Tawang,"""Tawang"" road accident"
West Kameng,Arunachal Pradesh,en,West Kameng,"""West Kameng"" road accident"
East Kameng,Arunachal Pradesh,en,East Kameng,"""East Kameng"" road accident"
Papum Pare,Arunachal Pradesh,en,Papum Pare,"""Papum Pare"" road accident"
Kurung Kumey,Arunachal Pradesh,en,Kurung Kumey,"""Kurung Kumey"" road accident"
Kra Daadi,Arunachal Pradesh,en,Kra Daadi,"""Kra Daadi"" road accident"
Lower Subansiri,Arunachal Pradesh,en,Lower Subansiri,"""Lower Subansiri"" road accident"
Upper Subansiri,Arunachal Pradesh,en,Upper Subansiri,"""Upper Subansiri"" road accident"
West Siang,Arunachal Pradesh,en,West Siang,"""West Siang"" road accident"
East Siang,Arunachal Pradesh,en,East Siang,"""East Siang"" road accident"
Siang,Arunachal Pradesh,en,Siang,"""Siang"" road accident"
Upper Siang,Arunachal Pradesh,en,Upper Siang,"""Upper Siang"" road accident"
Lower Siang,Arunachal Pradesh,en,Lower Siang,"""Lower Siang"" road accident"
Lower Dibang Valley,Arunachal Pradesh,en,Lower Dibang Valley,"""Lower Dibang Valley"" road accident"
Dibang Valley,Arunachal Pradesh,en,Dibang Valley,"""Dibang Valley"" road accident"
Anjaw,Arunachal Pradesh,en,Anjaw,"""Anjaw"" road accident"
Lohit,Arunachal Pradesh,en,Lohit,"""Lohit"" road accident"
Namsai,Arunachal Pradesh,en,Namsai,"""Namsai"" road accident"
Changlang,Arunachal Pradesh,en,Changlang,"""Changlang"" road accident"
Tirap,Arunachal Pradesh,en,Tirap,"""Tirap"" road accident"
Longding,Arunachal Pradesh,en,Longding,"""Longding"" road accident"
Baksa,Assam,as,Baksa,"""Baksa"" road accident"
Barpeta,Assam,as,Barpeta,"""Barpeta"" road accident"
Biswanath,Assam,as,Biswanath,"""Biswanath"" road accident"
Bongaigaon,Assam,as,Bongaigaon,"""Bongaigaon"" road accident"
Cachar,Assam,as,Cachar,"""Cachar"" road accident"
Charaideo,Assam,as,Charaideo,"""Charaideo"" road accident"
Chirang,Assam,as,Chirang,"""Chirang"" road accident"
Darrang,Assam,as,Darrang,"""Darrang"" road accident"
Dhemaji,Assam,as,Dhemaji,"""Dhemaji"" road accident"
Dhubri,Assam,as,Dhubri,"""Dhubri"" road accident"
Dibrugarh,Assam,as,Dibrugarh,"""Dibrugarh"" road accident"
Goalpara,Assam,as,Goalpara,"""Goalpara"" road accident"
Golaghat,Assam,as,Golaghat,"""Golaghat"" road accident"
Hailakandi,Assam,as,Hailakandi,"""Hailakandi"" road accident"
Hojai,Assam,as,Hojai,"""Hojai"" road accident"
Jorhat,Assam,as,Jorhat,"""Jorhat"" road accident"
Kamrup Metropolitan,Assam,as,Kamrup Metropolitan,"""Kamrup Metropolitan"" road accident"
Kamrup,Assam,as,Kamrup,"""Kamrup"" road accident"
Karbi Anglong,Assam,as,Karbi Anglong,"""Karbi Anglong"" road accident"
Karimganj,Assam,as,Karimganj,"""Karimganj"" road accident"
Kokrajhar,Assam,as,Kokrajhar,"""Kokrajhar"" road accident"
Lakhimpur,Assam,as,Lakhimpur,"""Lakhimpur"" road accident"
Majuli,Assam,as,Majuli,"""Majuli"" road accident"
Morigaon,Assam,as,Morigaon,"""Morigaon"" road accident"
Nagaon,Assam,as,Nagaon,"""Nagaon"" road accident"
Nalbari,Assam,as,Nalbari,"""Nalbari"" road accident"
Dima Hasao,Assam,as,Dima Hasao,"""Dima Hasao"" road accident"
Sivasagar,Assam,as,Sivasagar,"""Sivasagar"" road accident"
Sonitpur,Assam,as,Sonitpur,"""Sonitpur"" road accident"
South Salmara-Mankachar,Assam,as,South Salmara-Mankachar,"""South Salmara-Mankachar"" road accident"
Tinsukia,Assam,as,Tinsukia,"""Tinsukia"" road accident"
Udalguri,Assam,as,Udalguri,"""Udalguri"" road accident"
West Karbi Anglong,Assam,as,West Karbi Anglong,"""West Karbi Anglong"" road accident"
Araria,Bihar,hi,Araria,"""Araria"" road accident"
Arwal,Bihar,hi,Arwal,"""Arwal"" road accident"
Aurangabad,Bihar,hi,Aurangabad,"""Aurangabad"" road accident"
Banka,Bihar,hi,Banka,"""Banka"" road accident"
Begusarai,Bihar,hi,Begusarai,"""Begusarai"" road accident"
Bhagalpur,Bihar,hi,Bhagalpur,"""Bhagalpur"" road accident"
Bhojpur,Bihar,hi,Bhojpur,"""Bhojpur"" road accident"
Buxar,Bihar,hi,Buxar,"""Buxar"" road accident"
Darbhanga,Bihar,hi,Darbhanga,"""Darbhanga"" road accident"
East Champaran (Motihari),Bihar,hi,East Champaran,"""East Champaran"" road accident"
Gaya,Bihar,hi,Gaya,"""Gaya"" road accident"
Gopalganj,Bihar,hi,Gopalganj,"""Gopalganj"" road accident"
Jamui,Bihar,hi,Jamui,"""Jamui"" road accident"
Jehanabad,Bihar,hi,Jehanabad,"""Jehanabad"" road accident"
Kaimur (Bhabua),Bihar,hi,Kaimur,"""Kaimur"" road accident"
Katihar,Bihar,hi,Katihar,"""Katihar"" road accident"
Khagaria,Bihar,hi,Khagaria,"""Khagaria"" road accident"
Kishanganj,Bihar,hi,Kishanganj,"""Kishanganj"" road accident"
Lakhisarai,Bihar,hi,Lakhisarai,"""Lakhisarai"" road accident"
Madhepura,Bihar,hi,Madhepura,"""Madhepura"" road accident"
Madhubani,Bihar,hi,Madhubani,"""Madhubani"" road accident"
Munger (Monghyr),Bihar,hi,Munger,"""Munger"" road accident"
Muzaffarpur,Bihar,hi,Muzaffarpur,"""Muzaffarpur"" road accident"
Nalanda,Bihar,hi,Nalanda,"""Nalanda"" road accident"
Nawada,Bihar,hi,Nawada,"""Nawada"" road accident"
Patna,Bihar,hi,Patna,"""Patna"" road accident"
Purnia (Purnea),Bihar,hi,Purnia,"""Purnia"" road accident"
Rohtas,Bihar,hi,Rohtas,"""Rohtas"" road accident"
Saharsa,Bihar,hi,Saharsa,"""Saharsa"" road accident"
Samastipur,Bihar,hi,Samastipur,"""Samastipur"" road accident"
Saran,Bihar,hi,Saran,"""Saran"" road accident"
Sheikhpura,Bihar,hi,Sheikhpura,"""Sheikhpura"" road accident"
Sheohar,Bihar,hi,Sheohar,"""Sheohar"" road accident"
Sitamarhi,Bihar,hi,Sitamarhi,"""Sitamarhi"" road accident"
Siwan,Bihar,hi,Siwan,"""Siwan"" road accident"
Supaul,Bihar,hi,Supaul,"""Supaul"" road accident"
Vaishali,Bihar,hi,Vaishali,"""Vaishali"" road accident"
West Champaran,Bihar,hi,West Champaran,"""West Champaran"" road accident"
Chandigarh,Chandigarh,hi,Chandigarh,"""Chandigarh"" road accident"
Balod,Chhattisgarh,hi,Balod,"""Balod"" road accident"
Baloda Bazar,Chhattisgarh,hi,Baloda Bazar,"""Baloda Bazar"" road accident"
Balrampur,Chhattisgarh,hi,Balrampur,"""Balrampur"" road accident"
Bastar,Chhattisgarh,hi,Bastar,"""Bastar"" road accident"
Bemetara,Chhattisgarh,hi,Bemetara,"""Bemetara"" road accident"
Bijapur,Chhattisgarh,hi,Bijapur,"""Bijapur"" road accident"
Bilaspur,Chhattisgarh,hi,Bilaspur,"""Bilaspur"" road accident"
Dantewada (South Bastar),Chhattisgarh,hi,Dantewada,"""Dantewada"" road accident"
Dhamtari,Chhattisgarh,hi,Dhamtari,"""Dhamtari"" road accident"
Durg,Chhattisgarh,hi,Durg,"""Durg"" road accident"
Gariyaband,Chhattisgarh,hi,Gariyaband,"""Gariyaband"" road accident"
Janjgir-Champa,Chhattisgarh,hi,Janjgir-Champa,"""Janjgir-Champa"" road accident"
Jashpur,Chhattisgarh,hi,Jashpur,"""Jashpur"" road accident"
Kabirdham (Kawardha),Chhattisgarh,hi,Kabirdham,"""Kabirdham"" road accident"
Kanker (North Bastar),Chhattisgarh,hi,Kanker,"""Kanker"" road accident"
Kondagaon,Chhattisgarh,hi,Kondagaon,"""Kondagaon"" road accident"
Korba,Chhattisgarh,hi,Korba,"""Korba"" road accident"
Korea (Koriya),Chhattisgarh,hi,Korea,"""Korea"" road accident"
Mahasamund,Chhattisgarh,hi,Mahasamund,"""Mahasamund"" road accident"
Mungeli,Chhattisgarh,hi,Mungeli,"""Mungeli"" road accident"
Narayanpur,Chhattisgarh,hi,Narayanpur,"""Narayanpur"" road accident"
Raigarh,Chhattisgarh,hi,Raigarh,"""Raigarh"" road accident"
Raipur,Chhattisgarh,hi,Raipur,"""Raipur"" road accident"
Rajnandgaon,Chhattisgarh,hi,Rajnandgaon,"""Rajnandgaon"" road accident"
Sukma,Chhattisgarh,hi,Sukma,"""Sukma"" road accident"
Surajpur,Chhattisgarh,hi,Surajpur,"""Surajpur"" road accident"
Surguja,Chhattisgarh,hi,Surguja,"""Surguja"" road accident"
Dadra & Nagar Haveli,Dadra and Nagar Haveli,gu,Dadra and Nagar Haveli,"""Dadra and Nagar Haveli"" road accident"
Daman,Daman and Diu,gu,Daman,"""Daman"" road accident"
Diu,Daman and Diu,gu,Diu,"""Diu"" road accident"
Central Delhi,Delhi,hi,Central Delhi,"""Central Delhi"" road accident"
East Delhi,Delhi,hi,East Delhi,"""East Delhi"" road accident"
New Delhi,Delhi,hi,New Delhi,"""New Delhi"" road accident"
North Delhi,Delhi,hi,North Delhi,"""North Delhi"" road accident"
North East Delhi,Delhi,hi,North East Delhi,"""North East Delhi"" road accident"
North West Delhi,Delhi,hi,North West Delhi,"""North West Delhi"" road accident"
Shahdara,Delhi,hi,Shahdara,"""Shahdara"" road accident"
South Delhi,Delhi,hi,South Delhi,"""South Delhi"" road accident"
South East Delhi,Delhi,hi,South East Delhi,"""South East Delhi"" road accident"
South West Delhi,Delhi,hi,South West Delhi,"""South West Delhi"" road accident"
West Delhi,Delhi,hi,West Delhi,"""West Delhi"" road accident"
North Goa,Goa,en,North Goa,"""North Goa"" road accident"
South Goa,Goa,en,South Goa,"""South Goa"" road accident"
Ahmedabad,Gujarat,gu,Ahmedabad,"""Ahmedabad"" road accident"
Amreli,Gujarat,gu,Amreli,"""Amreli"" road accident"
Anand,Gujarat,gu,Anand,"""Anand"" road accident"
Aravalli,Gujarat,gu,Aravalli,"""Aravalli"" road accident"
Banaskantha (Palanpur),Gujarat,gu,Banaskantha,"""Banaskantha"" road accident"
Bharuch,Gujarat,gu,Bharuch,"""Bharuch"" road accident"
Bhavnagar,Gujarat,gu,Bhavnagar,"""Bhavnagar"" road accident"
Botad,Gujarat,gu,Botad,"""Botad"" road accident"
Chhota Udepur,Gujarat,gu,Chhota Udepur,"""Chhota Udepur"" road accident"
Dahod,Gujarat,gu,Dahod,"""Dahod"" road accident"
Dangs (Ahwa),Gujarat,gu,Dangs,"""Dangs"" road accident"
Devbhoomi Dwarka,Gujarat,gu,Devbhoomi Dwarka,"""Devbhoomi Dwarka"" road accident"
Gandhinagar,Gujarat,gu,Gandhinagar,"""Gandhinagar"" road accident"
Gir Somnath,Gujarat,gu,Gir Somnath,"""Gir Somnath"" road accident"
Jamnagar,Gujarat,gu,Jamnagar,"""Jamnagar"" road accident"
Junagadh,Gujarat,gu,Junagadh,"""Junagadh"" road accident"
Kachchh,Gujarat,gu,Kachchh,"""Kachchh"" road accident"
Kheda (Nadiad),Gujarat,gu,Kheda,"""Kheda"" road accident"
Mahisagar,Gujarat,gu,Mahisagar,"""Mahisagar"" road accident"
Mehsana,Gujarat,gu,Mehsana,"""Mehsana"" road accident"
Morbi,Gujarat,gu,Morbi,"""Morbi"" road accident"
Narmada (Rajpipla),Gujarat,gu,Narmada,"""Narmada"" road accident"
Navsari,Gujarat,gu,Navsari,"""Navsari"" road accident"
Panchmahal (Godhra),Gujarat,gu,Panchmahal,"""Panchmahal"" road accident"
Patan,Gujarat,gu,Patan,"""Patan"" road accident"
Porbandar,Gujarat,gu,Porbandar,"""Porbandar"" road accident"
Rajkot,Gujarat,gu,Rajkot,"""Rajkot"" road accident"
Sabarkantha (Himmatnagar),Gujarat,gu,Sabarkantha,"""Sabarkantha"" road accident"
Surat,Gujarat,gu,Surat,"""Surat"" road accident"
Surendranagar,Gujarat,gu,Surendranagar,"""Surendranagar"" road accident"
Tapi (Vyara),Gujarat,gu,Tapi,"""Tapi"" road accident"
Vadodara,Gujarat,gu,Vadodara,"""Vadodara"" road accident"
Valsad,Gujarat,gu,Valsad,"""Valsad"" road accident"
Ambala,Haryana,hi,Ambala,"""Ambala"" road accident"
Bhiwani,Haryana,hi,Bhiwani,"""Bhiwani"" road accident"
Charkhi Dadri,Haryana,hi,Charkhi Dadri,"""Charkhi Dadri"" road accident"
Faridabad,Haryana,hi,Faridabad,"""Faridabad"" road accident"
Fatehabad,Haryana,hi,Fatehabad,"""Fatehabad"" road accident"
Gurgaon,Haryana,hi,Gurgaon,"""Gurgaon"" road accident"
Hisar,Haryana,hi,Hisar,"""Hisar"" road accident"
Jhajjar,Haryana,hi,Jhajjar,"""Jhajjar"" road accident"
Jind,Haryana,hi,Jind,"""Jind"" road accident"
Kaithal,Haryana,hi,Kaithal,"""Kaithal"" road accident"
Karnal,Haryana,hi,Karnal,"""Karnal"" road accident"
Kurukshetra,Haryana,hi,Kurukshetra,"""Kurukshetra"" road accident"
Mahendragarh,Haryana,hi,Mahendragarh,"""Mahendragarh"" road accident"
Mewat,Haryana,hi,Mewat,"""Mewat"" road accident"
Palwal,Haryana,hi,Palwal,"""Palwal"" road accident"
Panchkula,Haryana,hi,Panchkula,"""Panchkula"" road accident"
Panipat,Haryana,hi,Panipat,"""Panipat"" road accident"
Rewari,Haryana,hi,Rewari,"""Rewari"" road accident"
Rohtak,Haryana,hi,Rohtak,"""Rohtak"" road accident"
Sirsa,Haryana,hi,Sirsa,"""Sirsa"" road accident"
Sonipat,Haryana,hi,Sonipat,"""Sonipat"" road accident"
Yamunanagar,Haryana,hi,Yamunanagar,"""Yamunanagar"" road accident"
Bilaspur,Himachal Pradesh,hi,Bilaspur,"""Bilaspur"" road accident"
Chamba,Himachal Pradesh,hi,Chamba,"""Chamba"" road accident"
Hamirpur,Himachal Pradesh,hi,Hamirpur,"""Hamirpur"" road accident"
Kangra,Himachal Pradesh,hi,Kangra,"""Kangra"" road accident"
Kinnaur,Himachal Pradesh,hi,Kinnaur,"""Kinnaur"" road accident"
Kullu,Himachal Pradesh,hi,Kullu,"""Kullu"" road accident"
Lahaul & Spiti,Himachal Pradesh,hi,Lahaul and Spiti,"""Lahaul and Spiti"" road accident"
Mandi,Himachal Pradesh,hi,Mandi,"""Mandi"" road accident"
Shimla,Himachal Pradesh,hi,Shimla,"""Shimla"" road accident"
Sirmaur (Sirmour),Himachal Pradesh,hi,Sirmaur,"""Sirmaur"" road accident"
Solan,Himachal Pradesh,hi,Solan,"""Solan"" road accident"
Una,Himachal Pradesh,hi,Una,"""Una"" road accident"
Anantnag,Jammu and Kashmir,ur,Anantnag,"""Anantnag"" road accident"
Bandipore,Jammu and Kashmir,ur,Bandipore,"""Bandipore"" road accident"
Baramulla,Jammu and Kashmir,ur,Baramulla,"""Baramulla"" road accident"
Budgam,Jammu and Kashmir,ur,Budgam,"""Budgam"" road accident"
Doda,Jammu and Kashmir,ur,Doda,"""Doda"" road accident"
Ganderbal,Jammu and Kashmir,ur,Ganderbal,"""Ganderbal"" road accident"
Jammu,Jammu and Kashmir,ur,Jammu,"""Jammu"" road accident"
Kargil,Jammu and Kashmir,ur,Kargil,"""Kargil"" road accident"
Kathua,Jammu and Kashmir,ur,Kathua,"""Kathua"" road accident"
Kishtwar,Jammu and Kashmir,ur,Kishtwar,"""Kishtwar"" road accident"
Kulgam,Jammu and Kashmir,ur,Kulgam,"""Kulgam"" road accident"
Kupwara,Jammu and Kashmir,ur,Kupwara,"""Kupwara"" road accident"
Leh,Jammu and Kashmir,ur,Leh,"""Leh"" road accident"
Poonch,Jammu and Kashmir,ur,Poonch,"""Poonch"" road accident"
Pulwama,Jammu and Kashmir,ur,Pulwama,"""Pulwama"" road accident"
Rajouri,Jammu and Kashmir,ur,Rajouri,"""Rajouri"" road accident"
Ramban,Jammu and Kashmir,ur,Ramban,"""Ramban"" road accident"
Reasi,Jammu and Kashmir,ur,Reasi,"""Reasi"" road accident"
Samba,Jammu and Kashmir,ur,Samba,"""Samba"" road accident"
Shopian,Jammu and Kashmir,ur,Shopian,"""Shopian"" road accident"
Srinagar,Jammu and Kashmir,ur,Srinagar,"""Srinagar"" road accident"
Udhampur,Jammu and Kashmir,ur,Udhampur,"""Udhampur"" road accident"
Bokaro,Jharkhand,hi,Bokaro,"""Bokaro"" road accident"
Chatra,Jharkhand,hi,Chatra,"""Chatra"" road accident"
Deoghar,Jharkhand,hi,Deoghar,"""Deoghar"" road accident"
Dhanbad,Jharkhand,hi,Dhanbad,"""Dhanbad"" road accident"
Dumka,Jharkhand,hi,Dumka,"""Dumka"" road accident"
East Singhbhum,Jharkhand,hi,East Singhbhum,"""East Singhbhum"" road accident"
Garhwa,Jharkhand,hi,Garhwa,"""Garhwa"" road accident"
Giridih,Jharkhand,hi,Giridih,"""Giridih"" road accident"
Godda,Jharkhand,hi,Godda,"""Godda"" road accident"
Gumla,Jharkhand,hi,Gumla,"""Gumla"" road accident"
Hazaribag,Jharkhand,hi,Hazaribag,"""Hazaribag"" road accident"
Jamtara,Jharkhand,hi,Jamtara,"""Jamtara"" road accident"
Khunti,Jharkhand,hi,Khunti,"""Khunti"" road accident"
Koderma,Jharkhand,hi,Koderma,"""Koderma"" road accident"
Latehar,Jharkhand,hi,Latehar,"""Latehar"" road accident"
Lohardaga,Jharkhand,hi,Lohardaga,"""Lohardaga"" road accident"
Pakur,Jharkhand,hi,Pakur,"""Pakur"" road accident"
Palamu,Jharkhand,hi,Palamu,"""Palamu"" road accident"
Ramgarh,Jharkhand,hi,Ramgarh,"""Ramgarh"" road accident"
Ranchi,Jharkhand,hi,Ranchi,"""Ranchi"" road accident"
Sahibganj,Jharkhand,hi,Sahibganj,"""Sahibganj"" road accident"
Seraikela-Kharsawan,Jharkhand,hi,Seraikela-Kharsawan,"""Seraikela-Kharsawan"" road accident"
Simdega,Jharkhand,hi,Simdega,"""Simdega"" road accident"
West Singhbhum,Jharkhand,hi,West Singhbhum,"""West Singhbhum"" road accident"
Bagalkot,Karnataka,kn,Bagalkot,"""Bagalkot"" road accident"
Ballari (Bellary),Karnataka,kn,Ballari,"""Ballari"" road accident"
Belagavi (Belgaum),Karnataka,kn,Belagavi,"""Belagavi"" road accident"
Bengaluru (Bangalore) Rural,Karnataka,kn,Bengaluru Rural,"""Bengaluru Rural"" road accident"
Bengaluru (Bangalore) Urban,Karnataka,kn,Bengaluru Urban,"""Bengaluru Urban"" road accident"
Bidar,Karnataka,kn,Bidar,"""Bidar"" road accident"
Chamarajanagar,Karnataka,kn,Chamarajanagar,"""Chamarajanagar"" road accident"
Chikballapur,Karnataka,kn,Chikballapur,"""Chikballapur"" road accident"
Chikkamagaluru (Chikmagalur),Karnataka,kn,Chikkamagaluru,"""Chikkamagaluru"" road accident"
Chitradurga,Karnataka,kn,Chitradurga,"""Chitradurga"" road accident"
Dakshina Kannada,Karnataka,kn,Dakshina Kannada,"""Dakshina Kannada"" road accident"
Davangere,Karnataka,kn,Davangere,"""Davangere"" road accident"
Dharwad,Karnataka,kn,Dharwad,"""Dharwad"" road accident"
Gadag,Karnataka,kn,Gadag,"""Gadag"" road accident"
Hassan,Karnataka,kn,Hassan,"""Hassan"" road accident"
Haveri,Karnataka,kn,Haveri,"""Haveri"" road accident"
Kalaburagi (Gulbarga),Karnataka,kn,Kalaburagi,"""Kalaburagi"" road accident"
Kodagu,Karnataka,kn,Kodagu,"""Kodagu"" road accident"
Kolar,Karnataka,kn,Kolar,"""Kolar"" road accident"
Koppal,Karnataka,kn,Koppal,"""Koppal"" road accident"
Mandya,Karnataka,kn,Mandya,"""Mandya"" road accident"
Mysuru (Mysore),Karnataka,kn,Mysuru,"""Mysuru"" road accident"
Raichur,Karnataka,kn,Raichur,"""Raichur"" road accident"
Ramanagara,Karnataka,kn,Ramanagara,"""Ramanagara"" road accident"
Shivamogga (Shimoga),Karnataka,kn,Shivamogga,"""Shivamogga"" road accident"
Tumakuru (Tumkur),Karnataka,kn,Tumakuru,"""Tumakuru"" road accident"
Udupi,Karnataka,kn,Udupi,"""Udupi"" road accident"
Uttara Kannada (Karwar),Karnataka,kn,Uttara Kannada,"""Uttara Kannada"" road accident"
Vijayapura (Bijapur),Karnataka,kn,Vijayapura,"""Vijayapura"" road accident"
Yadgir,Karnataka,kn,Yadgir,"""Yadgir"" road accident"
Alappuzha,Kerala,ml,Alappuzha,"""Alappuzha"" road accident"
Ernakulam,Kerala,ml,Ernakulam,"""Ernakulam"" road accident"
Idukki,Kerala,ml,Idukki,"""Idukki"" road accident"
Kannur,Kerala,ml,Kannur,"""Kannur"" road accident"
Kasaragod,Kerala,ml,Kasaragod,"""Kasaragod"" road accident"
Kollam,Kerala,ml,Kollam,"""Kollam"" road accident"
Kottayam,Kerala,ml,Kottayam,"""Kottayam"" road accident"
Kozhikode,Kerala,ml,Kozhikode,"""Kozhikode"" road accident"
Malappuram,Kerala,ml,Malappuram,"""Malappuram"" road accident"
Palakkad,Kerala,ml,Palakkad,"""Palakkad"" road accident"
Pathanamthitta,Kerala,ml,Pathanamthitta,"""Pathanamthitta"" road accident"
Thiruvananthapuram,Kerala,ml,Thiruvananthapuram,"""Thiruvananthapuram"" road accident"
Thrissur,Kerala,ml,Thrissur,"""Thrissur"" road accident"
Wayanad,Kerala,ml,Wayanad,"""Wayanad"" road accident"
Agatti,Lakshadweep,ml,Agatti,"""Agatti"" road accident"
Amini,Lakshadweep,ml,Amini,"""Amini"" road accident"
Androth,Lakshadweep,ml,Androth,"""Androth"" road accident"
Bithra,Lakshadweep,ml,Bithra,"""Bithra"" road accident"
Chethlath,Lakshadweep,ml,Chethlath,"""Chethlath"" road accident"
Kavaratti,Lakshadweep,ml,Kavaratti,"""Kavaratti"" road accident"
Kadmath,Lakshadweep,ml,Kadmath,"""Kadmath"" road accident"
Kalpeni,Lakshadweep,ml,Kalpeni,"""Kalpeni"" road accident"
Kilthan,Lakshadweep,ml,Kilthan,"""Kilthan"" road accident"
Minicoy,Lakshadweep,ml,Minicoy,"""Minicoy"" road accident"
Agar Malwa,Madhya Pradesh,hi,Agar Malwa,"""Agar Malwa"" road accident"
Alirajpur,Madhya Pradesh,hi,Alirajpur,"""Alirajpur"" road accident"
Anuppur,Madhya Pradesh,hi,Anuppur,"""Anuppur"" road accident"
Ashoknagar,Madhya Pradesh,hi,Ashoknagar,"""Ashoknagar"" road accident"
Balaghat,Madhya Pradesh,hi,Balaghat,"""Balaghat"" road accident"
Barwani,Madhya Pradesh,hi,Barwani,"""Barwani"" road accident"
Betul,Madhya Pradesh,hi,Betul,"""Betul"" road accident"
Bhind,Madhya Pradesh,hi,Bhind,"""Bhind"" road accident"
Bhopal,Madhya Pradesh,hi,Bhopal,"""Bhopal"" road accident"
Burhanpur,Madhya Pradesh,hi,Burhanpur,"""Burhanpur"" road accident"
Chhatarpur,Madhya Pradesh,hi,Chhatarpur,"""Chhatarpur"" road accident"
Chhindwara,Madhya Pradesh,hi,Chhindwara,"""Chhindwara"" road accident"
Damoh,Madhya Pradesh,hi,Damoh,"""Damoh"" road accident"
Datia,Madhya Pradesh,hi,Datia,"""Datia"" road accident"
Dewas,Madhya Pradesh,hi,Dewas,"""Dewas"" road accident"
Dhar,Madhya Pradesh,hi,Dhar,"""Dhar"" road accident"
Dindori,Madhya Pradesh,hi,Dindori,"""Dindori"" road accident"
Guna,Madhya Pradesh,hi,Guna,"""Guna"" road accident"
Gwalior,Madhya Pradesh,hi,Gwalior,"""Gwalior"" road accident"
Harda,Madhya Pradesh,hi,Harda,"""Harda"" road accident"
Hoshangabad,Madhya Pradesh,hi,Hoshangabad,"""Hoshangabad"" road accident"
Indore,Madhya Pradesh,hi,Indore,"""Indore"" road accident"
Jabalpur,Madhya Pradesh,hi,Jabalpur,"""Jabalpur"" road accident"
Jhabua,Madhya Pradesh,hi,Jhabua,"""Jhabua"" road accident"
Katni,Madhya Pradesh,hi,Katni,"""Katni"" road accident"
Khandwa,Madhya Pradesh,hi,Khandwa,"""Khandwa"" road accident"
Khargone,Madhya Pradesh,hi,Khargone,"""Khargone"" road accident"
Mandla,Madhya Pradesh,hi,Mandla,"""Mandla"" road accident"
Mandsaur,Madhya Pradesh,hi,Mandsaur,"""Mandsaur"" road accident"
Morena,Madhya Pradesh,hi,Morena,"""Morena"" road accident"
Narsinghpur,Madhya Pradesh,hi,Narsinghpur,"""Narsinghpur"" road accident"
Neemuch,Madhya Pradesh,hi,Neemuch,"""Neemuch"" road accident"
Panna,Madhya Pradesh,hi,Panna,"""Panna"" road accident"
Raisen,Madhya Pradesh,hi,Raisen,"""Raisen"" road accident"
Rajgarh,Madhya Pradesh,hi,Rajgarh,"""Rajgarh"" road accident"
Ratlam,Madhya Pradesh,hi,Ratlam,"""Ratlam"" road accident"
Rewa,Madhya Pradesh,hi,Rewa,"""Rewa"" road accident"
Sagar,Madhya Pradesh,hi,Sagar,"""Sagar"" road accident"
Satna,Madhya Pradesh,hi,Satna,"""Satna"" road accident"
Sehore,Madhya Pradesh,hi,Sehore,"""Sehore"" road accident"
Seoni,Madhya Pradesh,hi,Seoni,"""Seoni"" road accident"
Shahdol,Madhya Pradesh,hi,Shahdol,"""Shahdol"" road accident"
Shajapur,Madhya Pradesh,hi,Shajapur,"""Shajapur"" road accident"
Sheopur,Madhya Pradesh,hi,Sheopur,"""Sheopur"" road accident"
Shivpuri,Madhya Pradesh,hi,Shivpuri,"""Shivpuri"" road accident"
Sidhi,Madhya Pradesh,hi,Sidhi,"""Sidhi"" road accident"
Singrauli,Madhya Pradesh,hi,Singrauli,"""Singrauli"" road accident"
Tikamgarh,Madhya Pradesh,hi,Tikamgarh,"""Tikamgarh"" road accident"
Ujjain,Madhya Pradesh,hi,Ujjain,"""Ujjain"" road accident"
Umaria,Madhya Pradesh,hi,Umaria,"""Umaria"" road accident"
Vidisha,Madhya Pradesh,hi,Vidisha,"""Vidisha"" road accident"
Ahmednagar,Maharashtra,mr,Ahmednagar,"""Ahmednagar"" road accident"
Akola,Maharashtra,mr,Akola,"""Akola"" road accident"
Amravati,Maharashtra,mr,Amravati,"""Amravati"" road accident"
Aurangabad,Maharashtra,mr,Aurangabad,"""Aurangabad"" road accident"
Beed,Maharashtra,mr,Beed,"""Beed"" road accident"
Bhandara,Maharashtra,mr,Bhandara,"""Bhandara"" road accident"
Buldhana,Maharashtra,mr,Buldhana,"""Buldhana"" road accident"
Chandrapur,Maharashtra,mr,Chandrapur,"""Chandrapur"" road accident"
Dhule,Maharashtra,mr,Dhule,"""Dhule"" road accident"
Gadchiroli,Maharashtra,mr,Gadchiroli,"""Gadchiroli"" road accident"
Gondia,Maharashtra,mr,Gondia,"""Gondia"" road accident"
Hingoli,Maharashtra,mr,Hingoli,"""Hingoli"" road accident"
Jalgaon,Maharashtra,mr,Jalgaon,"""Jalgaon"" road accident"
Jalna,Maharashtra,mr,Jalna,"""Jalna"" road accident"
Kolhapur,Maharashtra,mr,Kolhapur,"""Kolhapur"" road accident"
Latur,Maharashtra,mr,Latur,"""Latur"" road accident"
Mumbai City,Maharashtra,mr,Mumbai City,"""Mumbai City"" road accident"
Mumbai Suburban,Maharashtra,mr,Mumbai Suburban,"""Mumbai Suburban"" road accident"
Nagpur,Maharashtra,mr,Nagpur,"""Nagpur"" road accident"
Nanded,Maharashtra,mr,Nanded,"""Nanded"" road accident"
Nandurbar,Maharashtra,mr,Nandurbar,"""Nandurbar"" road accident"
Nashik,Maharashtra,mr,Nashik,"""Nashik"" road accident"
Osmanabad,Maharashtra,mr,Osmanabad,"""Osmanabad"" road accident"
Palghar,Maharashtra,mr,Palghar,"""Palghar"" road accident"
Parbhani,Maharashtra,mr,Parbhani,"""Parbhani"" road accident"
Pune,Maharashtra,mr,Pune,"""Pune"" road accident"
Raigad,Maharashtra,mr,Raigad,"""Raigad"" road accident"
Ratnagiri,Maharashtra,mr,Ratnagiri,"""Ratnagiri"" road accident"
Sangli,Maharashtra,mr,Sangli,"""Sangli"" road accident"
Satara,Maharashtra,mr,Satara,"""Satara"" road accident"
Sindhudurg,Maharashtra,mr,Sindhudurg,"""Sindhudurg"" road accident"
Solapur,Maharashtra,mr,Solapur,"""Solapur"" road accident"
Thane,Maharashtra,mr,Thane,"""Thane"" road accident"
Wardha,Maharashtra,mr,Wardha,"""Wardha"" road accident"
Washim,Maharashtra,mr,Washim,"""Washim"" road accident"
Yavatmal,Maharashtra,mr,Yavatmal,"""Yavatmal"" road accident"
Bishnupur,Manipur,en,Bishnupur,"""Bishnupur"" road accident"
Chandel,Manipur,en,Chandel,"""Chandel"" road accident"
Churachandpur,Manipur,en,Churachandpur,"""Churachandpur"" road accident"
Imphal East,Manipur,en,Imphal East,"""Imphal East"" road accident"
Imphal West,Manipur,en,Imphal West,"""Imphal West"" road accident"
Jiribam,Manipur,en,Jiribam,"""Jiribam"" road accident"
Kakching,Manipur,en,Kakching,"""Kakching"" road accident"
Kamjong,Manipur,en,Kamjong,"""Kamjong"" road accident"
Kangpokpi,Manipur,en,Kangpokpi,"""Kangpokpi"" road accident"
Noney,Manipur,en,Noney,"""Noney"" road accident"
Pherzawl,Manipur,en,Pherzawl,"""Pherzawl"" road accident"
Senapati,Manipur,en,Senapati,"""Senapati"" road accident"
Tamenglong,Manipur,en,Tamenglong,"""Tamenglong"" road accident"
Tengnoupal,Manipur,en,Tengnoupal,"""Tengnoupal"" road accident"
Thoubal,Manipur,en,Thoubal,"""Thoubal"" road accident"
Ukhrul,Manipur,en,Ukhrul,"""Ukhrul"" road accident"
East Garo Hills,Meghalaya,en,East Garo Hills,"""East Garo Hills"" road accident"
East Jaintia Hills,Meghalaya,en,East Jaintia Hills,"""East Jaintia Hills"" road accident"
East Khasi Hills,Meghalaya,en,East Khasi Hills,"""East Khasi Hills"" road accident"
North Garo Hills,Meghalaya,en,North Garo Hills,"""North Garo Hills"" road accident"
Ri Bhoi,Meghalaya,en,Ri Bhoi,"""Ri Bhoi"" road accident"
South Garo Hills,Meghalaya,en,South Garo Hills,"""South Garo Hills"" road accident"
South West Garo Hills,Meghalaya,en,South West Garo Hills,"""South West Garo Hills"" road accident"
South West Khasi Hills,Meghalaya,en,South West Khasi Hills,"""South West Khasi Hills"" road accident"
West Garo Hills,Meghalaya,en,West Garo Hills,"""West Garo Hills"" road accident"
West Jaintia Hills,Meghalaya,en,West Jaintia Hills,"""West Jaintia Hills"" road accident"
West Khasi Hills,Meghalaya,en,West Khasi Hills,"""West Khasi Hills"" road accident"
Aizawl,Mizoram,en,Aizawl,"""Aizawl"" road accident"
Champhai,Mizoram,en,Champhai,"""Champhai"" road accident"
Kolasib,Mizoram,en,Kolasib,"""Kolasib"" road accident"
Lawngtlai,Mizoram,en,Lawngtlai,"""Lawngtlai"" road accident"
Lunglei,Mizoram,en,Lunglei,"""Lunglei"" road accident"
Mamit,Mizoram,en,Mamit,"""Mamit"" road accident"
Saiha,Mizoram,en,Saiha,"""Saiha"" road accident"
Serchhip,Mizoram,en,Serchhip,"""Serchhip"" road accident"
Dimapur,Nagaland,en,Dimapur,"""Dimapur"" road accident"
Kiphire,Nagaland,en,Kiphire,"""Kiphire"" road accident"
Kohima,Nagaland,en,Kohima,"""Kohima"" road accident"
Longleng,Nagaland,en,Longleng,"""Longleng"" road accident"
Mokokchung,Nagaland,en,Mokokchung,"""Mokokchung"" road accident"
Mon,Nagaland,en,Mon,"""Mon"" road accident"
Peren,Nagaland,en,Peren,"""Peren"" road accident"
Phek,Nagaland,en,Phek,"""Phek"" road accident"
Tuensang,Nagaland,en,Tuensang,"""Tuensang"" road accident"
Wokha,Nagaland,en,Wokha,"""Wokha"" road accident"
Zunheboto,Nagaland,en,Zunheboto,"""Zunheboto"" road accident"
Angul,Odisha,or,Angul,"""Angul"" road accident"
Balangir,Odisha,or,Balangir,"""Balangir"" road accident"
Balasore,Odisha,or,Balasore,"""Balasore"" road accident"
Bargarh,Odisha,or,Bargarh,"""Bargarh"" road accident"
Bhadrak,Odisha,or,Bhadrak,"""Bhadrak"" road accident"
Boudh,Odisha,or,Boudh,"""Boudh"" road accident"
Cuttack,Odisha,or,Cuttack,"""Cuttack"" road accident"
Deogarh,Odisha,or,Deogarh,"""Deogarh"" road accident"
Dhenkanal,Odisha,or,Dhenkanal,"""Dhenkanal"" road accident"
Gajapati,Odisha,or,Gajapati,"""Gajapati"" road accident"
Ganjam,Odisha,or,Ganjam,"""Ganjam"" road accident"
Jagatsinghapur,Odisha,or,Jagatsinghapur,"""Jagatsinghapur"" road accident"
Jajpur,Odisha,or,Jajpur,"""Jajpur"" road accident"
Jharsuguda,Odisha,or,Jharsuguda,"""Jharsuguda"" road accident"
Kalahandi,Odisha,or,Kalahandi,"""Kalahandi"" road accident"
Kandhamal,Odisha,or,Kandhamal,"""Kandhamal"" road accident"
Kendrapara,Odisha,or,Kendrapara,"""Kendrapara"" road accident"
Kendujhar (Keonjhar),Odisha,or,Kendujhar,"""Kendujhar"" road accident"
Khordha,Odisha,or,Khordha,"""Khordha"" road accident"
Koraput,Odisha,or,Koraput,"""Koraput"" road accident"
Malkangiri,Odisha,or,Malkangiri,"""Malkangiri"" road accident"
Mayurbhanj,Odisha,or,Mayurbhanj,"""Mayurbhanj"" road accident"
Nabarangpur,Odisha,or,Nabarangpur,"""Nabarangpur"" road accident"
Nayagarh,Odisha,or,Nayagarh,"""Nayagarh"" road accident"
Nuapada,Odisha,or,Nuapada,"""Nuapada"" road accident"
Puri,Odisha,or,Puri,"""Puri"" road accident"
Rayagada,Odisha,or,Rayagada,"""Rayagada"" road accident"
Sambalpur,Odisha,or,Sambalpur,"""Sambalpur"" road accident"
Sonepur,Odisha,or,Sonepur,"""Sonepur"" road accident"
Sundargarh,Odisha,or,Sundargarh,"""Sundargarh"" road accident"
Karaikal,Puducherry,ta,Karaikal,"""Karaikal"" road accident"
Mahe,Puducherry,ta,Mahe,"""Mahe"" road accident"
Pondicherry,Puducherry,ta,Pondicherry,"""Pondicherry"" road accident"
Yanam,Puducherry,ta,Yanam,"""Yanam"" road accident"
Amritsar,Punjab,pa,Amritsar,"""Amritsar"" road accident"
Barnala,Punjab,pa,Barnala,"""Barnala"" road accident"
Bathinda,Punjab,pa,Bathinda,"""Bathinda"" road accident"
Faridkot,Punjab,pa,Faridkot,"""Faridkot"" road accident"
Fatehgarh Sahib,Punjab,pa,Fatehgarh Sahib,"""Fatehgarh Sahib"" road accident"
Fazilka,Punjab,pa,Fazilka,"""Fazilka"" road accident"
Ferozepur,Punjab,pa,Ferozepur,"""Ferozepur"" road accident"
Gurdaspur,Punjab,pa,Gurdaspur,"""Gurdaspur"" road accident"
Hoshiarpur,Punjab,pa,Hoshiarpur,"""Hoshiarpur"" road accident"
Jalandhar,Punjab,pa,Jalandhar,"""Jalandhar"" road accident"
Kapurthala,Punjab,pa,Kapurthala,"""Kapurthala"" road accident"
Ludhiana,Punjab,pa,Ludhiana,"""Ludhiana"" road accident"
Mansa,Punjab,pa,Mansa,"""Mansa"" road accident"
Moga,Punjab,pa,Moga,"""Moga"" road accident"
Muktsar,Punjab,pa,Muktsar,"""Muktsar"" road accident"
Nawanshahr (Shahid Bhagat Singh Nagar),Punjab,pa,Nawanshahr,"""Nawanshahr"" road accident"
Pathankot,Punjab,pa,Pathankot,"""Pathankot"" road accident"
Patiala,Punjab,pa,Patiala,"""Patiala"" road accident"
Rupnagar,Punjab,pa,Rupnagar,"""Rupnagar"" road accident"
Sahibzada Ajit Singh Nagar (Mohali),Punjab,pa,Sahibzada Ajit Singh Nagar,"""Sahibzada Ajit Singh Nagar"" road accident"
Sangrur,Punjab,pa,Sangrur,"""Sangrur"" road accident"
Tarn Taran,Punjab,pa,Tarn Taran,"""Tarn Taran"" road accident"
Ajmer,Rajasthan,hi,Ajmer,"""Ajmer"" road accident"
Alwar,Rajasthan,hi,Alwar,"""Alwar"" road accident"
Banswara,Rajasthan,hi,Banswara,"""Banswara"" road accident"
Baran,Rajasthan,hi,Baran,"""Baran"" road accident"
Barmer,Rajasthan,hi,Barmer,"""Barmer"" road accident"
Bharatpur,Rajasthan,hi,Bharatpur,"""Bharatpur"" road accident"
Bhilwara,Rajasthan,hi,Bhilwara,"""Bhilwara"" road accident"
Bikaner,Rajasthan,hi,Bikaner,"""Bikaner"" road accident"
Bundi,Rajasthan,hi,Bundi,"""Bundi"" road accident"
Chittorgarh,Rajasthan,hi,Chittorgarh,"""Chittorgarh"" road accident"
Churu,Rajasthan,hi,Churu,"""Churu"" road accident"
Dausa,Rajasthan,hi,Dausa,"""Dausa"" road accident"
Dholpur,Rajasthan,hi,Dholpur,"""Dholpur"" road accident"
Dungarpur,Rajasthan,hi,Dungarpur,"""Dungarpur"" road accident"
Hanumangarh,Rajasthan,hi,Hanumangarh,"""Hanumangarh"" road accident"
Jaipur,Rajasthan,hi,Jaipur,"""Jaipur"" road accident"
Jaisalmer,Rajasthan,hi,Jaisalmer,"""Jaisalmer"" road accident"
Jalore,Rajasthan,hi,Jalore,"""Jalore"" road accident"
Jhalawar,Rajasthan,hi,Jhalawar,"""Jhalawar"" road accident"
Jhunjhunu,Rajasthan,hi,Jhunjhunu,"""Jhunjhunu"" road accident"
Jodhpur,Rajasthan,hi,Jodhpur,"""Jodhpur"" road accident"
Karauli,Rajasthan,hi,Karauli,"""Karauli"" road accident"
Kota,Rajasthan,hi,Kota,"""Kota"" road accident"
Nagaur,Rajasthan,hi,Nagaur,"""Nagaur"" road accident"
Pali,Rajasthan,hi,Pali,"""Pali"" road accident"
Pratapgarh,Rajasthan,hi,Pratapgarh,"""Pratapgarh"" road accident"
Rajsamand,Rajasthan,hi,Rajsamand,"""Rajsamand"" road accident"
Sawai Madhopur,Rajasthan,hi,Sawai Madhopur,"""Sawai Madhopur"" road accident"
Sikar,Rajasthan,hi,Sikar,"""Sikar"" road accident"
Sirohi,Rajasthan,hi,Sirohi,"""Sirohi"" road accident"
Sri Ganganagar,Rajasthan,hi,Sri Ganganagar,"""Sri Ganganagar"" road accident"
Tonk,Rajasthan,hi,Tonk,"""Tonk"" road accident"
Udaipur,Rajasthan,hi,Udaipur,"""Udaipur"" road accident"
East Sikkim,Sikkim,en,East Sikkim,"""East Sikkim"" road accident"
North Sikkim,Sikkim,en,North Sikkim,"""North Sikkim"" road accident"
South Sikkim,Sikkim,en,South Sikkim,"""South Sikkim"" road accident"
West Sikkim,Sikkim,en,West Sikkim,"""West Sikkim"" road accident"
Ariyalur,Tamil Nadu,ta,Ariyalur,"""Ariyalur"" road accident"
Chennai,Tamil Nadu,ta,Chennai,"""Chennai"" road accident"
Coimbatore,Tamil Nadu,ta,Coimbatore,"""Coimbatore"" road accident"
Cuddalore,Tamil Nadu,ta,Cuddalore,"""Cuddalore"" road accident"
Dharmapuri,Tamil Nadu,ta,Dharmapuri,"""Dharmapuri"" road accident"
Dindigul,Tamil Nadu,ta,Dindigul,"""Dindigul"" road accident"
Erode,Tamil Nadu,ta,Erode,"""Erode"" road accident"
Kanchipuram,Tamil Nadu,ta,Kanchipuram,"""Kanchipuram"" road accident"
Kanyakumari,Tamil Nadu,ta,Kanyakumari,"""Kanyakumari"" road accident"
Karur,Tamil Nadu,ta,Karur,"""Karur"" road accident"
Krishnagiri,Tamil Nadu,ta,Krishnagiri,"""Krishnagiri"" road accident"
Madurai,Tamil Nadu,ta,Madurai,"""Madurai"" road accident"
Nagapattinam,Tamil Nadu,ta,Nagapattinam,"""Nagapattinam"" road accident"
Namakkal,Tamil Nadu,ta,Namakkal,"""Namakkal"" road accident"
Nilgiris,Tamil Nadu,ta,Nilgiris,"""Nilgiris"" road accident"
Perambalur,Tamil Nadu,ta,Perambalur,"""Perambalur"" road accident"
Pudukkottai,Tamil Nadu,ta,Pudukkottai,"""Pudukkottai"" road accident"
Ramanathapuram,Tamil Nadu,ta,Ramanathapuram,"""Ramanathapuram"" road accident"
Salem,Tamil Nadu,ta,Salem,"""Salem"" road accident"
Sivaganga,Tamil Nadu,ta,Sivaganga,"""Sivaganga"" road accident"
Thanjavur,Tamil Nadu,ta,Thanjavur,"""Thanjavur"" road accident"
Theni,Tamil Nadu,ta,Theni,"""Theni"" road accident"
Thoothukudi (Tuticorin),Tamil Nadu,ta,Thoothukudi,"""Thoothukudi"" road accident"
Tiruchirappalli,Tamil Nadu,ta,Tiruchirappalli,"""Tiruchirappalli"" road accident"
Tirunelveli,Tamil Nadu,ta,Tirunelveli,"""Tirunelveli"" road accident"
Tiruppur,Tamil Nadu,ta,Tiruppur,"""Tiruppur"" road accident"
Tiruvallur,Tamil Nadu,ta,Tiruvallur,"""Tiruvallur"" road accident"
Tiruvannamalai,Tamil Nadu,ta,Tiruvannamalai,"""Tiruvannamalai"" road accident"
Tiruvarur,Tamil Nadu,ta,Tiruvarur,"""Tiruvarur"" road accident"
Vellore,Tamil Nadu,ta,Vellore,"""Vellore"" road accident"
Viluppuram,Tamil Nadu,ta,Viluppuram,"""Viluppuram"" road accident"
Virudhunagar,Tamil Nadu,ta,Virudhunagar,"""Virudhunagar"" road accident"
Adilabad,Telangana,te,Adilabad,"""Adilabad"" road accident"
Bhadradri Kothagudem,Telangana,te,Bhadradri Kothagudem,"""Bhadradri Kothagudem"" road accident"
Hyderabad,Telangana,te,Hyderabad,"""Hyderabad"" road accident"
Jagtial,Telangana,te,Jagtial,"""Jagtial"" road accident"
Jangaon,Telangana,te,Jangaon,"""Jangaon"" road accident"
Jayashankar Bhoopalpally,Telangana,te,Jayashankar Bhoopalpally,"""Jayashankar Bhoopalpally"" road accident"
Jogulamba Gadwal,Telangana,te,Jogulamba Gadwal,"""Jogulamba Gadwal"" road accident"
Kamareddy,Telangana,te,Kamareddy,"""Kamareddy"" road accident"
Karimnagar,Telangana,te,Karimnagar,"""Karimnagar"" road accident"
Khammam,Telangana,te,Khammam,"""Khammam"" road accident"
Komaram Bheem Asifabad,Telangana,te,Komaram Bheem Asifabad,"""Komaram Bheem Asifabad"" road accident"
Mahabubabad,Telangana,te,Mahabubabad,"""Mahabubabad"" road accident"
Mahabubnagar,Telangana,te,Mahabubnagar,"""Mahabubnagar"" road accident"
Mancherial,Telangana,te,Mancherial,"""Mancherial"" road accident"
Medak,Telangana,te,Medak,"""Medak"" road accident"
Medchal,Telangana,te,Medchal,"""Medchal"" road accident"
Nagarkurnool,Telangana,te,Nagarkurnool,"""Nagarkurnool"" road accident"
Nalgonda,Telangana,te,Nalgonda,"""Nalgonda"" road accident"
Nirmal,Telangana,te,Nirmal,"""Nirmal"" road accident"
Nizamabad,Telangana,te,Nizamabad,"""Nizamabad"" road accident"
Peddapalli,Telangana,te,Peddapalli,"""Peddapalli"" road accident"
Rajanna Sircilla,Telangana,te,Rajanna Sircilla,"""Rajanna Sircilla"" road accident"
Rangareddy,Telangana,te,Rangareddy,"""Rangareddy"" road accident"
Sangareddy,Telangana,te,Sangareddy,"""Sangareddy"" road accident"
Siddipet,Telangana,te,Siddipet,"""Siddipet"" road accident"
Suryapet,Telangana,te,Suryapet,"""Suryapet"" road accident"
Vikarabad,Telangana,te,Vikarabad,"""Vikarabad"" road accident"
Wanaparthy,Telangana,te,Wanaparthy,"""Wanaparthy"" road accident"
Warangal (Rural),Telangana,te,Warangal,"""Warangal"" road accident"
Warangal (Urban),Telangana,te,Warangal,"""Warangal"" road accident"
Yadadri Bhuvanagiri,Telangana,te,Yadadri Bhuvanagiri,"""Yadadri Bhuvanagiri"" road accident"
Dhalai,Tripura,bn,Dhalai,"""Dhalai"" road accident"
Gomati,Tripura,bn,Gomati,"""Gomati"" road accident"
Khowai,Tripura,bn,Khowai,"""Khowai"" road accident"
North Tripura,Tripura,bn,North Tripura,"""North Tripura"" road accident"
Sepahijala,Tripura,bn,Sepahijala,"""Sepahijala"" road accident"
South Tripura,Tripura,bn,South Tripura,"""South Tripura"" road accident"
Unakoti,Tripura,bn,Unakoti,"""Unakoti"" road accident"
West Tripura,Tripura,bn,West Tripura,"""West Tripura"" road accident"
Almora,Uttarakhand,hi,Almora,"""Almora"" road accident"
Bageshwar,Uttarakhand,hi,Bageshwar,"""Bageshwar"" road accident"
Chamoli,Uttarakhand,hi,Chamoli,"""Chamoli"" road accident"
Champawat,Uttarakhand,hi,Champawat,"""Champawat"" road accident"
Dehradun,Uttarakhand,hi,Dehradun,"""Dehradun"" road accident"
Haridwar,Uttarakhand,hi,Haridwar,"""Haridwar"" road accident"
Nainital,Uttarakhand,hi,Nainital,"""Nainital"" road accident"
Pauri Garhwal,Uttarakhand,hi,Pauri Garhwal,"""Pauri Garhwal"" road accident"
Pithoragarh,Uttarakhand,hi,Pithoragarh,"""Pithoragarh"" road accident"
Rudraprayag,Uttarakhand,hi,Rudraprayag,"""Rudraprayag"" road accident"
Tehri Garhwal,Uttarakhand,hi,Tehri Garhwal,"""Tehri Garhwal"" road accident"
Udham Singh Nagar,Uttarakhand,hi,Udham Singh Nagar,"""Udham Singh Nagar"" road accident"
Uttarkashi,Uttarakhand,hi,Uttarkashi,"""Uttarkashi"" road accident"
Agra,Uttar Pradesh,hi,Agra,"""Agra"" road accident"
Aligarh,Uttar Pradesh,hi,Aligarh,"""Aligarh"" road accident"
Allahabad,Uttar Pradesh,hi,Allahabad,"""Allahabad"" road accident"
Ambedkar Nagar,Uttar Pradesh,hi,Ambedkar Nagar,"""Ambedkar Nagar"" road accident"
Amethi,Uttar Pradesh,hi,Amethi,"""Amethi"" road accident"
Amroha (J.P. Nagar),Uttar Pradesh,hi,Amroha,"""Amroha"" road accident"
Auraiya,Uttar Pradesh,hi,Auraiya,"""Auraiya"" road accident"
Azamgarh,Uttar Pradesh,hi,Azamgarh,"""Azamgarh"" road accident"
Baghpat,Uttar Pradesh,hi,Baghpat,"""Baghpat"" road accident"
Bahraich,Uttar Pradesh,hi,Bahraich,"""Bahraich"" road accident"
Ballia,Uttar Pradesh,hi,Ballia,"""Ballia"" road accident"
Balrampur,Uttar Pradesh,hi,Balrampur,"""Balrampur"" road accident"
Banda,Uttar Pradesh,hi,Banda,"""Banda"" road accident"
Barabanki,Uttar Pradesh,hi,Barabanki,"""Barabanki"" road accident"
Bareilly,Uttar Pradesh,hi,Bareilly,"""Bareilly"" road accident"
Basti,Uttar Pradesh,hi,Basti,"""Basti"" road accident"
Bhadohi,Uttar Pradesh,hi,Bhadohi,"""Bhadohi"" road accident"
Bijnor,Uttar Pradesh,hi,Bijnor,"""Bijnor"" road accident"
Budaun,Uttar Pradesh,hi,Budaun,"""Budaun"" road accident"
Bulandshahr,Uttar Pradesh,hi,Bulandshahr,"""Bulandshahr"" road accident"
Chandauli,Uttar Pradesh,hi,Chandauli,"""Chandauli"" road accident"
Chitrakoot,Uttar Pradesh,hi,Chitrakoot,"""Chitrakoot"" road accident"
Deoria,Uttar Pradesh,hi,Deoria,"""Deoria"" road accident"
Etah,Uttar Pradesh,hi,Etah,"""Etah"" road accident"
Etawah,Uttar Pradesh,hi,Etawah,"""Etawah"" road accident"
Faizabad,Uttar Pradesh,hi,Faizabad,"""Faizabad"" road accident"
Farrukhabad,Uttar Pradesh,hi,Farrukhabad,"""Farrukhabad"" road accident"
Fatehpur,Uttar Pradesh,hi,Fatehpur,"""Fatehpur"" road accident"
Firozabad,Uttar Pradesh,hi,Firozabad,"""Firozabad"" road accident"
Gautam Buddha Nagar,Uttar Pradesh,hi,Gautam Buddha Nagar,"""Gautam Buddha Nagar"" road accident"
Ghaziabad,Uttar Pradesh,hi,Ghaziabad,"""Ghaziabad"" road accident"
Ghazipur,Uttar Pradesh,hi,Ghazipur,"""Ghazipur"" road accident"
Gonda,Uttar Pradesh,hi,Gonda,"""Gonda"" road accident"
Gorakhpur,Uttar Pradesh,hi,Gorakhpur,"""Gorakhpur"" road accident"
Hamirpur,Uttar Pradesh,hi,Hamirpur,"""Hamirpur"" road accident"
Hapur (Panchsheel Nagar),Uttar Pradesh,hi,Hapur,"""Hapur"" road accident"
Hardoi,Uttar Pradesh,hi,Hardoi,"""Hardoi"" road accident"
Hathras,Uttar Pradesh,hi,Hathras,"""Hathras"" road accident"
Jalaun,Uttar Pradesh,hi,Jalaun,"""Jalaun"" road accident"
Jaunpur,Uttar Pradesh,hi,Jaunpur,"""Jaunpur"" road accident"
Jhansi,Uttar Pradesh,hi,Jhansi,"""Jhansi"" road accident"
Kannauj,Uttar Pradesh,hi,Kannauj,"""Kannauj"" road accident"
Kanpur Dehat,Uttar Pradesh,hi,Kanpur Dehat,"""Kanpur Dehat"" road accident"
Kanpur Nagar,Uttar Pradesh,hi,Kanpur Nagar,"""Kanpur Nagar"" road accident"
Kasganj,Uttar Pradesh,hi,Kasganj,"""Kasganj"" road accident"
Kaushambi,Uttar Pradesh,hi,Kaushambi,"""Kaushambi"" road accident"
Kushinagar (Padrauna),Uttar Pradesh,hi,Kushinagar,"""Kushinagar"" road accident"
Lakhimpur Kheri,Uttar Pradesh,hi,Lakhimpur Kheri,"""Lakhimpur Kheri"" road accident"
Lalitpur,Uttar Pradesh,hi,Lalitpur,"""Lalitpur"" road accident"
Lucknow,Uttar Pradesh,hi,Lucknow,"""Lucknow"" road accident"
Maharajganj,Uttar Pradesh,hi,Maharajganj,"""Maharajganj"" road accident"
Mahoba,Uttar Pradesh,hi,Mahoba,"""Mahoba"" road accident"
Mainpuri,Uttar Pradesh,hi,Mainpuri,"""Mainpuri"" road accident"
Mathura,Uttar Pradesh,hi,Mathura,"""Mathura"" road accident"
Mau,Uttar Pradesh,hi,Mau,"""Mau"" road accident"
Meerut,Uttar Pradesh,hi,Meerut,"""Meerut"" road accident"
Mirzapur,Uttar Pradesh,hi,Mirzapur,"""Mirzapur"" road accident"
Moradabad,Uttar Pradesh,hi,Moradabad,"""Moradabad"" road accident"
Muzaffarnagar,Uttar Pradesh,hi,Muzaffarnagar,"""Muzaffarnagar"" road accident"
Pilibhit,Uttar Pradesh,hi,Pilibhit,"""Pilibhit"" road accident"
Pratapgarh,Uttar Pradesh,hi,Pratapgarh,"""Pratapgarh"" road accident"
Rae Bareli,Uttar Pradesh,hi,Rae Bareli,"""Rae Bareli"" road accident"
Rampur,Uttar Pradesh,hi,Rampur,"""Rampur"" road accident"
Saharanpur,Uttar Pradesh,hi,Saharanpur,"""Saharanpur"" road accident"
Sambhal (Bhim Nagar),Uttar Pradesh,hi,Sambhal,"""Sambhal"" road accident"
Sant Kabir Nagar,Uttar Pradesh,hi,Sant Kabir Nagar,"""Sant Kabir Nagar"" road accident"
Shahjahanpur,Uttar Pradesh,hi,Shahjahanpur,"""Shahjahanpur"" road accident"
Shamli (Prabuddh Nagar),Uttar Pradesh,hi,Shamli,"""Shamli"" road accident"
Shravasti,Uttar Pradesh,hi,Shravasti,"""Shravasti"" road accident"
Siddharth Nagar,Uttar Pradesh,hi,Siddharth Nagar,"""Siddharth Nagar"" road accident"
Sitapur,Uttar Pradesh,hi,Sitapur,"""Sitapur"" road accident"
Sonbhadra,Uttar Pradesh,hi,Sonbhadra,"""Sonbhadra"" road accident"
Sultanpur,Uttar Pradesh,hi,Sultanpur,"""Sultanpur"" road accident"
Unnao,Uttar Pradesh,hi,Unnao,"""Unnao"" road accident"
Varanasi,Uttar Pradesh,hi,Varanasi,"""Varanasi"" road accident"
Alipurduar,West Bengal,bn,Alipurduar,"""Alipurduar"" road accident"
Bankura,West Bengal,bn,Bankura,"""Bankura"" road accident"
Birbhum,West Bengal,bn,Birbhum,"""Birbhum"" road accident"
Burdwan (Bardhaman),West Bengal,bn,Burdwan,"""Burdwan"" road accident"
Cooch Behar,West Bengal,bn,Cooch Behar,"""Cooch Behar"" road accident"
Dakshin Dinajpur (South Dinajpur),West Bengal,bn,Dakshin Dinajpur,"""Dakshin Dinajpur"" road accident"
Darjeeling,West Bengal,bn,Darjeeling,"""Darjeeling"" road accident"
Hooghly,West Bengal,bn,Hooghly,"""Hooghly"" road accident"
Howrah,West Bengal,bn,Howrah,"""Howrah"" road accident"
Jalpaiguri,West Bengal,bn,Jalpaiguri,"""Jalpaiguri"" road accident"
Kalimpong,West Bengal,bn,Kalimpong,"""Kalimpong"" road accident"
Kolkata,West Bengal,bn,Kolkata,"""Kolkata"" road accident"
Malda,West Bengal,bn,Malda,"""Malda"" road accident"
Murshidabad,West Bengal,bn,Murshidabad,"""Murshidabad"" road accident"
Nadia,West Bengal,bn,Nadia,"""Nadia"" road accident"
North 24 Parganas,West Bengal,bn,North 24 Parganas,"""North 24 Parganas"" road accident"
Paschim Medinipur (West Medinipur),West Bengal,bn,Paschim Medinipur,"""Paschim Medinipur"" road accident"
Purba Medinipur (East Medinipur),West Bengal,bn,Purba Medinipur,"""Purba Medinipur"" road accident"
Purulia,West Bengal,bn,Purulia,"""Purulia"" road accident"
South 24 Parganas,West Bengal,bn,South 24 Parganas,"""South 24 Parganas"" road accident"
Uttar Dinajpur (North Dinajpur),West Bengal,bn,Uttar Dinajpur,"""Uttar Dinajpur"" road accident"
